sku,name,link,price
859334,Планкен косой из лиственницы Ларикс ПК2014022 2000х140х20 мм сорт АВ,https://glavsnab.net/planken-kosoy-iz-listvennici-lariks-pk2014022-2000h140h20-mm-sort-av.html,1556.0000
859313,Планкен косой из лиственницы Ларикс ПК209032 3000х90х20 мм сорт АВ,https://glavsnab.net/planken-kosoy-iz-listvennitsy-lariks-pk209032-3000kh90kh20-mm-sort-av.html,1728.0000
859318,Планкен косой из лиственницы Ларикс ПК2012041 4000х120х20 мм сорт Прима,https://glavsnab.net/planken-kosoy-iz-listvennici-lariks-pk2012041-4000h120h20-mm-sort-prima.html,2184.0000
207312,"Евровагонка из хвои 3000х96х12,5 мм сорт А 10 шт",https://glavsnab.net/evrovagonka-iz-hvoi-3000h96h12-5-mm-sort-a-10-sht.html,1952.0000
859460, Вагонка из кедра Ларикс  В1412022 2000х120х14 мм сорт АВ,https://glavsnab.net/vagonka-iz-kedra-lariks-v1412022-2000h120h14-mm-sort-av.html,1089.0000
859451,Вагонка из лиственницы  Ларикс В149022  2000х90х14 мм сорт АВ,https://glavsnab.net/vagonkaiz-listvennici-lariks-v149022-2000h90h14-mm-sort-av.html,1089.0000
859454, Вагонка из кедра Ларикс  В1412042 4000х120х14 мм сорт АВ,https://glavsnab.net/vagonka-iz-kedra-lariks-v1412042-4000h120h14-mm-sort-av.html,1210.0000
859448,Вагонка из лиственницы  Ларикс В149032  3000х90х14 мм сорт АВ,https://glavsnab.net/vagonka-iz-listvennici-lariks-v149032-3000h90h14-mm-sort-av.html,1210.0000
859457,Вагонка из кедра Ларикс  В1412032 3000х120х14 мм сорт АВ,https://glavsnab.net/vagonka-iz-kedra-lariks-v1412032-3000h120h14-mm-sort-av.html,1210.0000
859445,Вагонка из лиственницы  Ларикс В149042  4000х90х14 мм сорт АВ,https://glavsnab.net/vagonka-iz-listvennici-lariks-v149042-4000h90h14-mm-sort-av.html,1210.0000
859450, Вагонка из лиственницы  Ларикс  В149021  2000х90х14 мм сорт прима ,https://glavsnab.net/vagonka-iz-listvennici-lariks-v149021-2000h90h14-mm-sort-prima.html,1452.0000
859459,Вагонка из кедра Ларикс  В1412021 2000х120х14 мм сорт прима,https://glavsnab.net/vagonka-iz-kedra-lariks-v1412021-2000h120h14-mm-sort-prima.html,1452.0000
859286,Планкен прямой из лиственницы Ларикс ПП209022 2000х90х20 мм сорт AB,https://glavsnab.net/planken-pryamoy-iz-listvennici-lariks-pp209022-2000h90h20-mm-sort-ab.html,1556.0000
859295,Планкен прямой из лиственницы Ларикс ПП2012022 2000х120х20 мм сорт АВ,https://glavsnab.net/planken-pryamoy-iz-listvennici-lariks-pp2012022-2000h120h20-mm-sort-av.html,1556.0000
859478,Вагонка из кедра Ларикс В2012022 2000х120х20 мм сорт АВ,https://glavsnab.net/vagonka-iz-kedra-lariks-v2012022-2000h120h20-mm-sort-av.html,1556.0000
859316,Планкен косой из лиственницы Ларикс ПК209022 2000х90х20 мм сорт АВ,https://glavsnab.net/planken-kosoy-iz-listvennici-lariks-pk209022-2000h90h20-mm-sort-av.html,1556.0000
859469,Вагонка из кедра Ларикс В209022 2000х90х20 мм сорт АВ,https://glavsnab.net/vagonka-iz-kedra-lariks-v209022-2000h90h20-mm-sort-av.html,1556.0000
859325,Планкен косой из лиственницы Ларикс ПК2012022 2000х120х20 мм сорт АВ,https://glavsnab.net/planken-kosoy-iz-listvennici-lariks-pk2012022-2000h120h20-mm-sort-av.html,1556.0000
859456,Вагонка из кедра Ларикс  В1412031 3000х120х14 мм сорт прима,https://glavsnab.net/vagonka-iz-kedra-lariks-v1412031-3000h120h14-mm-sort-prima.html,1613.0000
859444, Вагонка из лиственницы  Ларикс  В149041  4000х90х14 мм сорт прима ,https://glavsnab.net/vagonka-iz-listvennici-lariks-v149041-4000h90h14-mm-sort-prima.html,1613.0000
859453, Вагонка из кедра Ларикс  В1412041 4000х120х14 мм сорт прима,https://glavsnab.net/vagonka-iz-kedra-lariks-v1412041-4000h120h14-mm-sort-prima.html,1613.0000
859447, Вагонка из лиственницы  Ларикс  В149031  3000х90х14 мм сорт прима ,https://glavsnab.net/vagonka-iz-listvennici-lariks-v149031-3000h90h14-mm-sort-prima.html,1613.0000
859458,Вагонка из кедра Ларикс  В1412020 2000х120х14 мм сорт экстра,https://glavsnab.net/vagonka-iz-kedra-lariks-v1412020-2000h120h14-mm-sort-ekstra.html,1633.0000
859449,Вагонка из лиственницы  Ларикс  В149020  2000х90х14 мм сорт экстра,https://glavsnab.net/vagonka-iz-listvennici-lariks-v149020-2000h90h14-mm-sort-ekstra.html,1633.0000
859319,Планкен косой из лиственницы Ларикс ПК2012042 4000х120х20 мм сорт АВ,https://glavsnab.net/planken-kosoy-iz-listvennici-lariks-pk2012042-4000h120h20-mm-sort-av.html,1728.0000
859280,Планкен прямой из лиственницы Ларикс ПП209042 4000х90х20 мм сорт AB,https://glavsnab.net/planken-pryamoy-iz-listvennici-lariks-pp209042-4000h90h20-mm-sort-ab.html,1728.0000
859487,Имитация бруса из сосны Ларикс 2000х145х20 мм сорт АВ,https://glavsnab.net/imitaciya-brusa-iz-sosni-lariks-2000h145h20-mm-sort-av.html,1728.0000
859301,Планкен прямой из лиственницы Ларикс ПП2014542 4000х145х20 мм сорт АВ,https://glavsnab.net/planken-pryamoy-iz-listvennici-lariks-pp2014542-4000h145h20-mm-sort-av.html,1728.0000
859481,Имитация бруса из сосны Ларикс 4000х145х20 мм сорт АВ,https://glavsnab.net/imitaciya-brusa-iz-sosni-lariks-4000h145h20-mm-sort-av.html,1728.0000
859292,Планкен прямой из лиственницы Ларикс ПП2012032 3000х120х20 мм сорт AB,https://glavsnab.net/planken-pryamoy-iz-listvennici-lariks-pp2012032-3000h120h20-mm-sort-ab.html,1728.0000
859472,Вагонка из кедра Ларикс В2012042 4000х120х20 мм сорт АВ,https://glavsnab.net/vagonka-iz-kedra-lariks-v2012042-4000h120h20-mm-sort-av.html,1728.0000
859283,Планкен прямой из лиственницы Ларикс ПП209032 3000х90х20 мм сорт AB,https://glavsnab.net/planken-pryamoy-iz-listvennici-lariks-pp209032-3000h90h20-mm-sort-ab.html,1728.0000
859307,Планкен прямой из лиственницы Ларикс ПП2014522 2000х145х20 мм сорт АВ,https://glavsnab.net/planken-pryamoy-iz-listvennici-lariks-pp2014522-2000h145h20-mm-sort-av.html,1728.0000
859466,Вагонка из кедра Ларикс В209032 3000х90х20 мм сорт АВ,https://glavsnab.net/vagonka-iz-kedra-lariks-v209032-3000h90h20-mm-sort-av.html,1728.0000
859328,Планкен косой из лиственницы Ларикс ПК2014042 4000х140х20 мм сорт АВ,https://glavsnab.net/planken-kosoy-iz-listvennici-lariks-pk2014042-4000h140h20-mm-sort-av.html,1728.0000
859463,Вагонка из кедра Ларикс  В209042 4000х90х20 мм сорт АВ,https://glavsnab.net/vagonka-iz-kedra-lariks-v209042-4000h90h20-mm-sort-av.html,1728.0000
859304,Планкен прямой из лиственницы Ларикс ПП2014532 3000х145х20 мм сорт АВ,https://glavsnab.net/planken-pryamoy-iz-listvennici-lariks-pp2014532-3000h145h20-mm-sort-av.html,1728.0000
859322,Планкен косой из лиственницы Ларикс ПК2012032 3000х120х20 мм сорт АВ,https://glavsnab.net/planken-kosoy-iz-listvennici-lariks-pk2012032-3000h120h20-mm-sort-av.html,1728.0000
859298,Планкен прямой из лиственницы Ларикс ПП2014042 4000х140х20 мм сорт АВ,https://glavsnab.net/planken-pryamoy-iz-listvennici-lariks-pp2014042-4000h140h20-mm-sort-av.html,1728.0000
859484,Имитация бруса из сосны Ларикс 3000х145х20 мм сорт АВ,https://glavsnab.net/imitaciya-brusa-iz-sosni-lariks-3000h145h20-mm-sort-av.html,1728.0000
859310,Планкен косой из лиственницы Ларикс ПК209042 4000х90х20 мм сорт АВ,https://glavsnab.net/planken-kosoy-iz-listvennici-lariks-pk209042-4000h90h20-mm-sort-av.html,1728.0000
859475,Вагонка из кедра Ларикс В2012032 3000х120х20 мм сорт АВ,https://glavsnab.net/vagonka-iz-kedra-lariks-v2012032-3000h120h20-mm-sort-av.html,1728.0000
859331,Планкен косой из лиственницы Ларикс ПК2014032 3000х140х20 мм сорт АВ,https://glavsnab.net/planken-kosoy-iz-listvennici-lariks-pk2014032-3000h140h20-mm-sort-av.html,1728.0000
859289,Планкен прямой из лиственницы Ларикс ПП2012042 4000х120х20 мм сорт AB,https://glavsnab.net/planken-pryamoy-iz-listvennici-lariks-pp2012042-4000h120h20-mm-sort-ab.html,1728.0000
859452,Вагонка из кедра Ларикс  В1412040 4000х120х14 мм сорт экстра,https://glavsnab.net/vagonka-iz-kedra-lariks-v1412040-4000h120h14-mm-sort-ekstra.html,1815.0000
859446,Вагонка из лиственницы  Ларикс  В149030  3000х90х14 мм сорт экстра ,https://glavsnab.net/vagonka-iz-listvennici-lariks-v149030-3000h90h14-mm-sort-ekstra.html,1815.0000
859455, Вагонка из кедра Ларикс  В1412030 3000х120х14 мм сорт экстра,https://glavsnab.net/vagonka-iz-kedra-lariks-v1412030-3000h120h14-mm-sort-ekstra.html,1815.0000
859443,Вагонка из лиственницы  Ларикс  В149040  4000х90х14 мм сорт экстра ,https://glavsnab.net/vagonka-iz-listvennici-lariks-v149040-4000h90h14-mm-sort-ekstra.html,1815.0000
859315,Планкен косой из лиственницы Ларикс ПК209021 2000х90х20 мм сорт Прима,https://glavsnab.net/planken-kosoy-iz-listvennici-lariks-pk209021-2000h90h20-mm-sort-prima.html,1966.0000
859324,Планкен косой из лиственницы Ларикс ПК2012021 2000х120х20 мм сорт Прима,https://glavsnab.net/planken-kosoy-iz-listvennici-lariks-pk2012021-2000h120h20-mm-sort-prima.html,1966.0000
859294,Планкен прямой из лиственницы Ларикс ПП2012021 2000х120х20 мм сорт Прима,https://glavsnab.net/planken-pryamoy-iz-listvennici-lariks-pp2012021-2000h120h20-mm-sort-prima.html,1966.0000
859285,Планкен прямой из лиственницы Ларикс ПП209021 2000х90х20 мм сорт Прима,https://glavsnab.net/planken-pryamoy-iz-listvennici-lariks-pp209021-2000h90h20-mm-sort-prima.html,1966.0000
859468,Вагонка из кедра Ларикс В209021 2000х90х20 мм сорт Прима,https://glavsnab.net/vagonka-iz-kedra-lariks-v209021-2000h90h20-mm-sort-prima.html,2074.0000
859333,Планкен косой из лиственницы Ларикс ПК2014021 2000х140х20 мм сорт Прима,https://glavsnab.net/planken-kosoy-iz-listvennici-lariks-pk2014021-2000h140h20-mm-sort-prima.html,2074.0000
859477,Вагонка из кедра Ларикс В2012021 2000х120х20 мм сорт Прима,https://glavsnab.net/vagonka-iz-kedra-lariks-v2012021-2000h120h20-mm-sort-prima.html,2074.0000
859321,Планкен косой из лиственницы Ларикс ПК2012031 3000х120х20 мм сорт Прима,https://glavsnab.net/planken-kosoy-iz-listvennici-lariks-pk2012031-3000h120h20-mm-sort-prima.html,2184.0000
859279,Планкен прямой из лиственницы Ларикс ПП209041 4000х90х20 мм сорт Прима,https://glavsnab.net/planken-pryamoy-iz-listvennici-lariks-pp209041-4000h90h20-mm-sort-prima.html,2184.0000
859312,Планкен косой из лиственницы Ларикс ПК209031 3000х90х20 мм сорт Прима,https://glavsnab.net/planken-kosoy-iz-listvennici-lariks-pk209031-3000h90h20-mm-sort-prima.html,2184.0000
859282,Планкен прямой из лиственницы Ларикс ПП209031 3000х90х20 мм сорт Прима,https://glavsnab.net/planken-pryamoy-iz-listvennici-lariks-pp209031-3000h90h20-mm-sort-prima.html,2184.0000
859288,Планкен прямой из лиственницы Ларикс ПП2012041 4000х120х20 мм сорт Прима,https://glavsnab.net/planken-pryamoy-iz-listvennici-lariks-pp2012041-4000h120h20-mm-sort-prima.html,2184.0000
859309,Планкен косой из лиственницы Ларикс ПК209041 4000х90х20 мм сорт Прима,https://glavsnab.net/planken-kosoy-iz-listvennici-lariks-pk209041-4000h90h20-mm-sort-prima.html,2184.0000
859291,Планкен прямой из лиственницы Ларикс ПП2012031 3000х120х20 мм сорт Прима,https://glavsnab.net/planken-pryamoy-iz-listvennici-lariks-pp2012031-3000h120h20-mm-sort-prima.html,2184.0000
859465,Вагонка из кедра Ларикс В209031 3000х90х20 мм сорт Прима,https://glavsnab.net/vagonka-iz-kedra-lariks-v209031-3000h90h20-mm-sort-prima.html,2304.0000
859483,Имитация бруса из сосны Ларикс 3000х145х20 мм сорт Прима,https://glavsnab.net/imitaciya-brusa-iz-sosni-lariks-3000h145h20-mm-sort-prima.html,2304.0000
859306,Планкен прямой из лиственницы Ларикс ПП2014521 2000х145х20 мм сорт Прима,https://glavsnab.net/planken-pryamoy-iz-listvennici-lariks-pp2014521-2000h145h20-mm-sort-prima.html,2304.0000
859303,Планкен прямой из лиственницы Ларикс ПП2014531 3000х145х20 мм сорт Прима,https://glavsnab.net/planken-pryamoy-iz-listvennici-lariks-pp2014531-3000h145h20-mm-sort-prima.html,2304.0000
859330,Планкен косой из лиственницы Ларикс ПК2014031 3000х140х20 мм сорт Прима,https://glavsnab.net/planken-kosoy-iz-listvennici-lariks-pk2014031-3000h140h20-mm-sort-prima.html,2304.0000
859474,Вагонка из кедра Ларикс В2012031 3000х120х20 мм сорт Прима,https://glavsnab.net/vagonka-iz-kedra-lariks-v2012031-3000h120h20-mm-sort-prima.html,2304.0000
859486,Имитация бруса из сосны Ларикс 2000х145х20 мм сорт Прима,https://glavsnab.net/imitaciya-brusa-iz-sosni-lariks-2000h145h20-mm-sort-prima.html,2304.0000
859480,Имитация бруса из сосны Ларикс 4000х145х20 мм сорт Прима,https://glavsnab.net/imitaciya-brusa-iz-sosni-lariks-4000h145h20-mm-sort-prima.html,2304.0000
859300,Планкен прямой из лиственницы Ларикс ПП2014541 4000х145х20 мм сорт Прима,https://glavsnab.net/planken-pryamoy-iz-listvennici-lariks-pp2014541-4000h145h20-mm-sort-prima.html,2304.0000
859297,Планкен прямой из лиственницы Ларикс ПП2014041 4000х140х20 мм сорт Прима,https://glavsnab.net/planken-pryamoy-iz-listvennici-lariks-pp2014041-4000h140h20-mm-sort-prima.html,2304.0000
859462, Вагонка из кедра Ларикс  В209041 4000х90х20 мм сорт прима,https://glavsnab.net/vagonka-iz-kedra-lariks-v209041-4000h90h20-mm-sort-prima.html,2304.0000
859327,Планкен косой из лиственницы Ларикс ПК2014041 4000х140х20 мм сорт Прима,https://glavsnab.net/planken-kosoy-iz-listvennici-lariks-pk2014041-4000h140h20-mm-sort-prima.html,2304.0000
859471,Вагонка из кедра Ларикс В2012041 4000х120х20 мм сорт Прима,https://glavsnab.net/vagonka-iz-kedra-lariks-v2012041-4000h120h20-mm-sort-prima.html,2304.0000
859467,Вагонка из кедра Ларикс В209020 2000х90х20 мм сорт Экстра,https://glavsnab.net/vagonka-iz-kedra-lariks-v209020-2000h90h20-mm-sort-ekstra.html,2333.0000
859323,Планкен косой из лиственницы Ларикс ПК2012020 2000х120х20 мм сорт Экстра,https://glavsnab.net/planken-kosoy-iz-listvennici-lariks-pk2012020-2000h120h20-mm-sort-ekstra.html,2333.0000
859293,Планкен прямой из лиственницы Ларикс ПП2012020 2000х120х20 мм сорт Экстра,https://glavsnab.net/planken-pryamoy-iz-listvennici-lariks-pp2012020-2000h120h20-mm-sort-ekstra.html,2333.0000
859476,Вагонка из кедра Ларикс В2012020 2000х120х20 мм сорт Экстра,https://glavsnab.net/vagonka-iz-kedra-lariks-v2012020-2000h120h20-mm-sort-ekstra.html,2333.0000
859332,Планкен косой из лиственницы Ларикс ПК2014020 2000х140х20 мм сорт Экстра,https://glavsnab.net/planken-kosoy-iz-listvennici-lariks-pk2014020-2000h140h20-mm-sort-ekstra.html,2333.0000
859314,Планкен косой из лиственницы Ларикс ПК209020 2000х90х20 мм сорт Экстра,https://glavsnab.net/planken-kosoy-iz-listvennici-lariks-pk209020-2000h90h20-mm-sort-ekstra.html,2333.0000
859284,Планкен прямой из лиственницы Ларикс ПП209020 2000х90х20 мм сорт Экстра,https://glavsnab.net/planken-pryamoy-iz-listvennici-lariks-pp209020-2000h90h20-mm-sort-ekstra.html,2333.0000
859485,Имитация бруса из сосны Ларикс 2000х145х20 мм сорт Экстра,https://glavsnab.net/imitaciya-brusa-iz-sosni-lariks-2000h145h20-mm-sort-ekstra.html,2592.0000
859473,Вагонка из кедра Ларикс В2012030 3000х120х20 мм сорт Экстра,https://glavsnab.net/vagonka-iz-kedra-lariks-v2012030-3000h120h20-mm-sort-ekstra.html,2592.0000
859302,Планкен прямой из лиственницы Ларикс ПП2014530 3000х145х20 мм сорт Экстра,https://glavsnab.net/planken-pryamoy-iz-listvennici-lariks-pp2014530-3000h145h20-mm-sort-ekstra.html,2592.0000
859329,Планкен косой из лиственницы Ларикс ПК2014030 3000х140х20 мм сорт Экстра,https://glavsnab.net/planken-kosoy-iz-listvennici-lariks-pk2014030-3000h140h20-mm-sort-ekstra.html,2592.0000
859299,Планкен прямой из лиственницы Ларикс ПП2014540 4000х145х20 мм сорт Экстра,https://glavsnab.net/planken-pryamoy-iz-listvennici-lariks-pp2014540-4000h145h20-mm-sort-ekstra.html,2592.0000
859311,Планкен косой из лиственницы Ларикс ПК209030 3000х90х20 мм сорт Экстра,https://glavsnab.net/planken-kosoy-iz-listvennici-lariks-pk209030-3000h90h20-mm-sort-ekstra.html,2592.0000
859317,Планкен косой из лиственницы Ларикс ПК2012040 4000х120х20 мм сорт Экстра,https://glavsnab.net/planken-kosoy-iz-listvennici-lariks-pk2012040-4000h120h20-mm-sort-ekstra.html,2592.0000
859278,Планкен прямой из лиственницы Ларикс ПП209040 4000х90х20 мм сорт Экстра ,https://glavsnab.net/planken-pryamoy-lariks-pp209040-4000kh90kh20-mm-sort-ekstra.html,2592.0000
859281,Планкен прямой из лиственницы Ларикс ПП209030 3000х90х20 мм сорт Экстра,https://glavsnab.net/planken-pryamoy-iz-listvennici-lariks-pp209030-3000h90h20-mm-sort-ekstra.html,2592.0000
859461,Вагонка из кедра Ларикс  В209040 4000х90х20 мм сорт экстра,https://glavsnab.net/vagonka-iz-kedra-lariks-v209040-4000h90h20-mm-sort-ekstra.html,2592.0000
859305,Планкен прямой из лиственницы Ларикс ПП2014520 2000х145х20 мм сорт Экстра,https://glavsnab.net/planken-pryamoy-iz-listvennici-lariks-pp2014520-2000h145h20-mm-sort-ekstra.html,2592.0000
859287,Планкен прямой из лиственницы Ларикс ПП2012040 4000х120х20 мм сорт Экстра,https://glavsnab.net/planken-pryamoy-iz-listvennici-lariks-pp2012040-4000h120h20-mm-sort-ekstra.html,2592.0000
859470,Вагонка из кедра Ларикс В2012040 4000х120х20 мм сорт Экстра,https://glavsnab.net/vagonka-iz-kedra-lariks-v2012040-4000h120h20-mm-sort-ekstra.html,2592.0000
859482,Имитация бруса из сосны Ларикс 3000х145х20 мм сорт Экстра,https://glavsnab.net/imitaciya-brusa-iz-sosni-lariks-3000h145h20-mm-sort-ekstra.html,2592.0000
859326,Планкен косой из лиственницы Ларикс ПК2014040 4000х140х20 мм сорт Экстра,https://glavsnab.net/planken-kosoy-iz-listvennici-lariks-pk2014040-4000h140h20-mm-sort-ekstra.html,2592.0000
859464,Вагонка из кедра Ларикс В209030 3000х90х20 мм сорт Экстра,https://glavsnab.net/vagonka-iz-kedra-lariks-v209030-3000kh90kh20-mm-sort-ekstra.html,2592.0000
859320,Планкен косой из лиственницы Ларикс ПК2012030 3000х120х20 мм сорт Экстра,https://glavsnab.net/planken-kosoy-iz-listvennici-lariks-pk2012030-3000h120h20-mm-sort-ekstra.html,2592.0000
859296,Планкен прямой из лиственницы Ларикс ПП2014040 4000х140х20 мм сорт Экстра,https://glavsnab.net/planken-pryamoy-iz-listvennici-lariks-pp2014040-4000h140h20-mm-sort-ekstra.html,2592.0000
859482,Имитация бруса из сосны Ларикс 3000х145х20 мм сорт Экстра,https://glavsnab.net/imitaciya-brusa-iz-sosni-lariks-3000h145h20-mm-sort-ekstra.html,2592.0000
859464,Вагонка из кедра Ларикс В209030 3000х90х20 мм сорт Экстра,https://glavsnab.net/vagonka-iz-kedra-lariks-v209030-3000kh90kh20-mm-sort-ekstra.html,2592.0000
859326,Планкен косой из лиственницы Ларикс ПК2014040 4000х140х20 мм сорт Экстра,https://glavsnab.net/planken-kosoy-iz-listvennici-lariks-pk2014040-4000h140h20-mm-sort-ekstra.html,2592.0000
859482,Имитация бруса из сосны Ларикс 3000х145х20 мм сорт Экстра,https://glavsnab.net/imitaciya-brusa-iz-sosni-lariks-3000h145h20-mm-sort-ekstra.html,2592.0000
859464,Вагонка из кедра Ларикс В209030 3000х90х20 мм сорт Экстра,https://glavsnab.net/vagonka-iz-kedra-lariks-v209030-3000kh90kh20-mm-sort-ekstra.html,2592.0000
859326,Планкен косой из лиственницы Ларикс ПК2014040 4000х140х20 мм сорт Экстра,https://glavsnab.net/planken-kosoy-iz-listvennici-lariks-pk2014040-4000h140h20-mm-sort-ekstra.html,2592.0000
859482,Имитация бруса из сосны Ларикс 3000х145х20 мм сорт Экстра,https://glavsnab.net/imitaciya-brusa-iz-sosni-lariks-3000h145h20-mm-sort-ekstra.html,2592.0000
859464,Вагонка из кедра Ларикс В209030 3000х90х20 мм сорт Экстра,https://glavsnab.net/vagonka-iz-kedra-lariks-v209030-3000kh90kh20-mm-sort-ekstra.html,2592.0000
859326,Планкен косой из лиственницы Ларикс ПК2014040 4000х140х20 мм сорт Экстра,https://glavsnab.net/planken-kosoy-iz-listvennici-lariks-pk2014040-4000h140h20-mm-sort-ekstra.html,2592.0000
859482,Имитация бруса из сосны Ларикс 3000х145х20 мм сорт Экстра,https://glavsnab.net/imitaciya-brusa-iz-sosni-lariks-3000h145h20-mm-sort-ekstra.html,2592.0000
859464,Вагонка из кедра Ларикс В209030 3000х90х20 мм сорт Экстра,https://glavsnab.net/vagonka-iz-kedra-lariks-v209030-3000kh90kh20-mm-sort-ekstra.html,2592.0000
859326,Планкен косой из лиственницы Ларикс ПК2014040 4000х140х20 мм сорт Экстра,https://glavsnab.net/planken-kosoy-iz-listvennici-lariks-pk2014040-4000h140h20-mm-sort-ekstra.html,2592.0000
859482,Имитация бруса из сосны Ларикс 3000х145х20 мм сорт Экстра,https://glavsnab.net/imitaciya-brusa-iz-sosni-lariks-3000h145h20-mm-sort-ekstra.html,2592.0000
859464,Вагонка из кедра Ларикс В209030 3000х90х20 мм сорт Экстра,https://glavsnab.net/vagonka-iz-kedra-lariks-v209030-3000kh90kh20-mm-sort-ekstra.html,2592.0000
859326,Планкен косой из лиственницы Ларикс ПК2014040 4000х140х20 мм сорт Экстра,https://glavsnab.net/planken-kosoy-iz-listvennici-lariks-pk2014040-4000h140h20-mm-sort-ekstra.html,2592.0000
859482,Имитация бруса из сосны Ларикс 3000х145х20 мм сорт Экстра,https://glavsnab.net/imitaciya-brusa-iz-sosni-lariks-3000h145h20-mm-sort-ekstra.html,2592.0000
859464,Вагонка из кедра Ларикс В209030 3000х90х20 мм сорт Экстра,https://glavsnab.net/vagonka-iz-kedra-lariks-v209030-3000kh90kh20-mm-sort-ekstra.html,2592.0000
859326,Планкен косой из лиственницы Ларикс ПК2014040 4000х140х20 мм сорт Экстра,https://glavsnab.net/planken-kosoy-iz-listvennici-lariks-pk2014040-4000h140h20-mm-sort-ekstra.html,2592.0000
859482,Имитация бруса из сосны Ларикс 3000х145х20 мм сорт Экстра,https://glavsnab.net/imitaciya-brusa-iz-sosni-lariks-3000h145h20-mm-sort-ekstra.html,2592.0000
859464,Вагонка из кедра Ларикс В209030 3000х90х20 мм сорт Экстра,https://glavsnab.net/vagonka-iz-kedra-lariks-v209030-3000kh90kh20-mm-sort-ekstra.html,2592.0000
859326,Планкен косой из лиственницы Ларикс ПК2014040 4000х140х20 мм сорт Экстра,https://glavsnab.net/planken-kosoy-iz-listvennici-lariks-pk2014040-4000h140h20-mm-sort-ekstra.html,2592.0000
859482,Имитация бруса из сосны Ларикс 3000х145х20 мм сорт Экстра,https://glavsnab.net/imitaciya-brusa-iz-sosni-lariks-3000h145h20-mm-sort-ekstra.html,2592.0000
859464,Вагонка из кедра Ларикс В209030 3000х90х20 мм сорт Экстра,https://glavsnab.net/vagonka-iz-kedra-lariks-v209030-3000kh90kh20-mm-sort-ekstra.html,2592.0000
859326,Планкен косой из лиственницы Ларикс ПК2014040 4000х140х20 мм сорт Экстра,https://glavsnab.net/planken-kosoy-iz-listvennici-lariks-pk2014040-4000h140h20-mm-sort-ekstra.html,2592.0000
859482,Имитация бруса из сосны Ларикс 3000х145х20 мм сорт Экстра,https://glavsnab.net/imitaciya-brusa-iz-sosni-lariks-3000h145h20-mm-sort-ekstra.html,2592.0000
859464,Вагонка из кедра Ларикс В209030 3000х90х20 мм сорт Экстра,https://glavsnab.net/vagonka-iz-kedra-lariks-v209030-3000kh90kh20-mm-sort-ekstra.html,2592.0000
859326,Планкен косой из лиственницы Ларикс ПК2014040 4000х140х20 мм сорт Экстра,https://glavsnab.net/planken-kosoy-iz-listvennici-lariks-pk2014040-4000h140h20-mm-sort-ekstra.html,2592.0000
859482,Имитация бруса из сосны Ларикс 3000х145х20 мм сорт Экстра,https://glavsnab.net/imitaciya-brusa-iz-sosni-lariks-3000h145h20-mm-sort-ekstra.html,2592.0000
859464,Вагонка из кедра Ларикс В209030 3000х90х20 мм сорт Экстра,https://glavsnab.net/vagonka-iz-kedra-lariks-v209030-3000kh90kh20-mm-sort-ekstra.html,2592.0000
859326,Планкен косой из лиственницы Ларикс ПК2014040 4000х140х20 мм сорт Экстра,https://glavsnab.net/planken-kosoy-iz-listvennici-lariks-pk2014040-4000h140h20-mm-sort-ekstra.html,2592.0000
859482,Имитация бруса из сосны Ларикс 3000х145х20 мм сорт Экстра,https://glavsnab.net/imitaciya-brusa-iz-sosni-lariks-3000h145h20-mm-sort-ekstra.html,2592.0000
859464,Вагонка из кедра Ларикс В209030 3000х90х20 мм сорт Экстра,https://glavsnab.net/vagonka-iz-kedra-lariks-v209030-3000kh90kh20-mm-sort-ekstra.html,2592.0000
859326,Планкен косой из лиственницы Ларикс ПК2014040 4000х140х20 мм сорт Экстра,https://glavsnab.net/planken-kosoy-iz-listvennici-lariks-pk2014040-4000h140h20-mm-sort-ekstra.html,2592.0000
859482,Имитация бруса из сосны Ларикс 3000х145х20 мм сорт Экстра,https://glavsnab.net/imitaciya-brusa-iz-sosni-lariks-3000h145h20-mm-sort-ekstra.html,2592.0000
859464,Вагонка из кедра Ларикс В209030 3000х90х20 мм сорт Экстра,https://glavsnab.net/vagonka-iz-kedra-lariks-v209030-3000kh90kh20-mm-sort-ekstra.html,2592.0000
859326,Планкен косой из лиственницы Ларикс ПК2014040 4000х140х20 мм сорт Экстра,https://glavsnab.net/planken-kosoy-iz-listvennici-lariks-pk2014040-4000h140h20-mm-sort-ekstra.html,2592.0000
859482,Имитация бруса из сосны Ларикс 3000х145х20 мм сорт Экстра,https://glavsnab.net/imitaciya-brusa-iz-sosni-lariks-3000h145h20-mm-sort-ekstra.html,2592.0000
859464,Вагонка из кедра Ларикс В209030 3000х90х20 мм сорт Экстра,https://glavsnab.net/vagonka-iz-kedra-lariks-v209030-3000kh90kh20-mm-sort-ekstra.html,2592.0000
859326,Планкен косой из лиственницы Ларикс ПК2014040 4000х140х20 мм сорт Экстра,https://glavsnab.net/planken-kosoy-iz-listvennici-lariks-pk2014040-4000h140h20-mm-sort-ekstra.html,2592.0000
859482,Имитация бруса из сосны Ларикс 3000х145х20 мм сорт Экстра,https://glavsnab.net/imitaciya-brusa-iz-sosni-lariks-3000h145h20-mm-sort-ekstra.html,2592.0000
859464,Вагонка из кедра Ларикс В209030 3000х90х20 мм сорт Экстра,https://glavsnab.net/vagonka-iz-kedra-lariks-v209030-3000kh90kh20-mm-sort-ekstra.html,2592.0000
859326,Планкен косой из лиственницы Ларикс ПК2014040 4000х140х20 мм сорт Экстра,https://glavsnab.net/planken-kosoy-iz-listvennici-lariks-pk2014040-4000h140h20-mm-sort-ekstra.html,2592.0000
859482,Имитация бруса из сосны Ларикс 3000х145х20 мм сорт Экстра,https://glavsnab.net/imitaciya-brusa-iz-sosni-lariks-3000h145h20-mm-sort-ekstra.html,2592.0000
859464,Вагонка из кедра Ларикс В209030 3000х90х20 мм сорт Экстра,https://glavsnab.net/vagonka-iz-kedra-lariks-v209030-3000kh90kh20-mm-sort-ekstra.html,2592.0000
859326,Планкен косой из лиственницы Ларикс ПК2014040 4000х140х20 мм сорт Экстра,https://glavsnab.net/planken-kosoy-iz-listvennici-lariks-pk2014040-4000h140h20-mm-sort-ekstra.html,2592.0000
859482,Имитация бруса из сосны Ларикс 3000х145х20 мм сорт Экстра,https://glavsnab.net/imitaciya-brusa-iz-sosni-lariks-3000h145h20-mm-sort-ekstra.html,2592.0000
859464,Вагонка из кедра Ларикс В209030 3000х90х20 мм сорт Экстра,https://glavsnab.net/vagonka-iz-kedra-lariks-v209030-3000kh90kh20-mm-sort-ekstra.html,2592.0000
859326,Планкен косой из лиственницы Ларикс ПК2014040 4000х140х20 мм сорт Экстра,https://glavsnab.net/planken-kosoy-iz-listvennici-lariks-pk2014040-4000h140h20-mm-sort-ekstra.html,2592.0000
859482,Имитация бруса из сосны Ларикс 3000х145х20 мм сорт Экстра,https://glavsnab.net/imitaciya-brusa-iz-sosni-lariks-3000h145h20-mm-sort-ekstra.html,2592.0000
859464,Вагонка из кедра Ларикс В209030 3000х90х20 мм сорт Экстра,https://glavsnab.net/vagonka-iz-kedra-lariks-v209030-3000kh90kh20-mm-sort-ekstra.html,2592.0000
859326,Планкен косой из лиственницы Ларикс ПК2014040 4000х140х20 мм сорт Экстра,https://glavsnab.net/planken-kosoy-iz-listvennici-lariks-pk2014040-4000h140h20-mm-sort-ekstra.html,2592.0000
859482,Имитация бруса из сосны Ларикс 3000х145х20 мм сорт Экстра,https://glavsnab.net/imitaciya-brusa-iz-sosni-lariks-3000h145h20-mm-sort-ekstra.html,2592.0000
859464,Вагонка из кедра Ларикс В209030 3000х90х20 мм сорт Экстра,https://glavsnab.net/vagonka-iz-kedra-lariks-v209030-3000kh90kh20-mm-sort-ekstra.html,2592.0000
859326,Планкен косой из лиственницы Ларикс ПК2014040 4000х140х20 мм сорт Экстра,https://glavsnab.net/planken-kosoy-iz-listvennici-lariks-pk2014040-4000h140h20-mm-sort-ekstra.html,2592.0000
859482,Имитация бруса из сосны Ларикс 3000х145х20 мм сорт Экстра,https://glavsnab.net/imitaciya-brusa-iz-sosni-lariks-3000h145h20-mm-sort-ekstra.html,2592.0000
859464,Вагонка из кедра Ларикс В209030 3000х90х20 мм сорт Экстра,https://glavsnab.net/vagonka-iz-kedra-lariks-v209030-3000kh90kh20-mm-sort-ekstra.html,2592.0000
859326,Планкен косой из лиственницы Ларикс ПК2014040 4000х140х20 мм сорт Экстра,https://glavsnab.net/planken-kosoy-iz-listvennici-lariks-pk2014040-4000h140h20-mm-sort-ekstra.html,2592.0000
859482,Имитация бруса из сосны Ларикс 3000х145х20 мм сорт Экстра,https://glavsnab.net/imitaciya-brusa-iz-sosni-lariks-3000h145h20-mm-sort-ekstra.html,2592.0000
859464,Вагонка из кедра Ларикс В209030 3000х90х20 мм сорт Экстра,https://glavsnab.net/vagonka-iz-kedra-lariks-v209030-3000kh90kh20-mm-sort-ekstra.html,2592.0000
859326,Планкен косой из лиственницы Ларикс ПК2014040 4000х140х20 мм сорт Экстра,https://glavsnab.net/planken-kosoy-iz-listvennici-lariks-pk2014040-4000h140h20-mm-sort-ekstra.html,2592.0000
859482,Имитация бруса из сосны Ларикс 3000х145х20 мм сорт Экстра,https://glavsnab.net/imitaciya-brusa-iz-sosni-lariks-3000h145h20-mm-sort-ekstra.html,2592.0000
859464,Вагонка из кедра Ларикс В209030 3000х90х20 мм сорт Экстра,https://glavsnab.net/vagonka-iz-kedra-lariks-v209030-3000kh90kh20-mm-sort-ekstra.html,2592.0000
859326,Планкен косой из лиственницы Ларикс ПК2014040 4000х140х20 мм сорт Экстра,https://glavsnab.net/planken-kosoy-iz-listvennici-lariks-pk2014040-4000h140h20-mm-sort-ekstra.html,2592.0000
859482,Имитация бруса из сосны Ларикс 3000х145х20 мм сорт Экстра,https://glavsnab.net/imitaciya-brusa-iz-sosni-lariks-3000h145h20-mm-sort-ekstra.html,2592.0000
859464,Вагонка из кедра Ларикс В209030 3000х90х20 мм сорт Экстра,https://glavsnab.net/vagonka-iz-kedra-lariks-v209030-3000kh90kh20-mm-sort-ekstra.html,2592.0000
859326,Планкен косой из лиственницы Ларикс ПК2014040 4000х140х20 мм сорт Экстра,https://glavsnab.net/planken-kosoy-iz-listvennici-lariks-pk2014040-4000h140h20-mm-sort-ekstra.html,2592.0000
859482,Имитация бруса из сосны Ларикс 3000х145х20 мм сорт Экстра,https://glavsnab.net/imitaciya-brusa-iz-sosni-lariks-3000h145h20-mm-sort-ekstra.html,2592.0000
859464,Вагонка из кедра Ларикс В209030 3000х90х20 мм сорт Экстра,https://glavsnab.net/vagonka-iz-kedra-lariks-v209030-3000kh90kh20-mm-sort-ekstra.html,2592.0000
859326,Планкен косой из лиственницы Ларикс ПК2014040 4000х140х20 мм сорт Экстра,https://glavsnab.net/planken-kosoy-iz-listvennici-lariks-pk2014040-4000h140h20-mm-sort-ekstra.html,2592.0000
859482,Имитация бруса из сосны Ларикс 3000х145х20 мм сорт Экстра,https://glavsnab.net/imitaciya-brusa-iz-sosni-lariks-3000h145h20-mm-sort-ekstra.html,2592.0000
859464,Вагонка из кедра Ларикс В209030 3000х90х20 мм сорт Экстра,https://glavsnab.net/vagonka-iz-kedra-lariks-v209030-3000kh90kh20-mm-sort-ekstra.html,2592.0000
859326,Планкен косой из лиственницы Ларикс ПК2014040 4000х140х20 мм сорт Экстра,https://glavsnab.net/planken-kosoy-iz-listvennici-lariks-pk2014040-4000h140h20-mm-sort-ekstra.html,2592.0000
859482,Имитация бруса из сосны Ларикс 3000х145х20 мм сорт Экстра,https://glavsnab.net/imitaciya-brusa-iz-sosni-lariks-3000h145h20-mm-sort-ekstra.html,2592.0000
859464,Вагонка из кедра Ларикс В209030 3000х90х20 мм сорт Экстра,https://glavsnab.net/vagonka-iz-kedra-lariks-v209030-3000kh90kh20-mm-sort-ekstra.html,2592.0000
859326,Планкен косой из лиственницы Ларикс ПК2014040 4000х140х20 мм сорт Экстра,https://glavsnab.net/planken-kosoy-iz-listvennici-lariks-pk2014040-4000h140h20-mm-sort-ekstra.html,2592.0000
859482,Имитация бруса из сосны Ларикс 3000х145х20 мм сорт Экстра,https://glavsnab.net/imitaciya-brusa-iz-sosni-lariks-3000h145h20-mm-sort-ekstra.html,2592.0000
859464,Вагонка из кедра Ларикс В209030 3000х90х20 мм сорт Экстра,https://glavsnab.net/vagonka-iz-kedra-lariks-v209030-3000kh90kh20-mm-sort-ekstra.html,2592.0000
859326,Планкен косой из лиственницы Ларикс ПК2014040 4000х140х20 мм сорт Экстра,https://glavsnab.net/planken-kosoy-iz-listvennici-lariks-pk2014040-4000h140h20-mm-sort-ekstra.html,2592.0000
859482,Имитация бруса из сосны Ларикс 3000х145х20 мм сорт Экстра,https://glavsnab.net/imitaciya-brusa-iz-sosni-lariks-3000h145h20-mm-sort-ekstra.html,2592.0000
859464,Вагонка из кедра Ларикс В209030 3000х90х20 мм сорт Экстра,https://glavsnab.net/vagonka-iz-kedra-lariks-v209030-3000kh90kh20-mm-sort-ekstra.html,2592.0000
859326,Планкен косой из лиственницы Ларикс ПК2014040 4000х140х20 мм сорт Экстра,https://glavsnab.net/planken-kosoy-iz-listvennici-lariks-pk2014040-4000h140h20-mm-sort-ekstra.html,2592.0000
859482,Имитация бруса из сосны Ларикс 3000х145х20 мм сорт Экстра,https://glavsnab.net/imitaciya-brusa-iz-sosni-lariks-3000h145h20-mm-sort-ekstra.html,2592.0000
859464,Вагонка из кедра Ларикс В209030 3000х90х20 мм сорт Экстра,https://glavsnab.net/vagonka-iz-kedra-lariks-v209030-3000kh90kh20-mm-sort-ekstra.html,2592.0000
859326,Планкен косой из лиственницы Ларикс ПК2014040 4000х140х20 мм сорт Экстра,https://glavsnab.net/planken-kosoy-iz-listvennici-lariks-pk2014040-4000h140h20-mm-sort-ekstra.html,2592.0000
859482,Имитация бруса из сосны Ларикс 3000х145х20 мм сорт Экстра,https://glavsnab.net/imitaciya-brusa-iz-sosni-lariks-3000h145h20-mm-sort-ekstra.html,2592.0000
859464,Вагонка из кедра Ларикс В209030 3000х90х20 мм сорт Экстра,https://glavsnab.net/vagonka-iz-kedra-lariks-v209030-3000kh90kh20-mm-sort-ekstra.html,2592.0000
859326,Планкен косой из лиственницы Ларикс ПК2014040 4000х140х20 мм сорт Экстра,https://glavsnab.net/planken-kosoy-iz-listvennici-lariks-pk2014040-4000h140h20-mm-sort-ekstra.html,2592.0000
859482,Имитация бруса из сосны Ларикс 3000х145х20 мм сорт Экстра,https://glavsnab.net/imitaciya-brusa-iz-sosni-lariks-3000h145h20-mm-sort-ekstra.html,2592.0000
859464,Вагонка из кедра Ларикс В209030 3000х90х20 мм сорт Экстра,https://glavsnab.net/vagonka-iz-kedra-lariks-v209030-3000kh90kh20-mm-sort-ekstra.html,2592.0000
859326,Планкен косой из лиственницы Ларикс ПК2014040 4000х140х20 мм сорт Экстра,https://glavsnab.net/planken-kosoy-iz-listvennici-lariks-pk2014040-4000h140h20-mm-sort-ekstra.html,2592.0000
859482,Имитация бруса из сосны Ларикс 3000х145х20 мм сорт Экстра,https://glavsnab.net/imitaciya-brusa-iz-sosni-lariks-3000h145h20-mm-sort-ekstra.html,2592.0000
859464,Вагонка из кедра Ларикс В209030 3000х90х20 мм сорт Экстра,https://glavsnab.net/vagonka-iz-kedra-lariks-v209030-3000kh90kh20-mm-sort-ekstra.html,2592.0000
859326,Планкен косой из лиственницы Ларикс ПК2014040 4000х140х20 мм сорт Экстра,https://glavsnab.net/planken-kosoy-iz-listvennici-lariks-pk2014040-4000h140h20-mm-sort-ekstra.html,2592.0000
859482,Имитация бруса из сосны Ларикс 3000х145х20 мм сорт Экстра,https://glavsnab.net/imitaciya-brusa-iz-sosni-lariks-3000h145h20-mm-sort-ekstra.html,2592.0000
859464,Вагонка из кедра Ларикс В209030 3000х90х20 мм сорт Экстра,https://glavsnab.net/vagonka-iz-kedra-lariks-v209030-3000kh90kh20-mm-sort-ekstra.html,2592.0000
859326,Планкен косой из лиственницы Ларикс ПК2014040 4000х140х20 мм сорт Экстра,https://glavsnab.net/planken-kosoy-iz-listvennici-lariks-pk2014040-4000h140h20-mm-sort-ekstra.html,2592.0000
859482,Имитация бруса из сосны Ларикс 3000х145х20 мм сорт Экстра,https://glavsnab.net/imitaciya-brusa-iz-sosni-lariks-3000h145h20-mm-sort-ekstra.html,2592.0000
859464,Вагонка из кедра Ларикс В209030 3000х90х20 мм сорт Экстра,https://glavsnab.net/vagonka-iz-kedra-lariks-v209030-3000kh90kh20-mm-sort-ekstra.html,2592.0000
859326,Планкен косой из лиственницы Ларикс ПК2014040 4000х140х20 мм сорт Экстра,https://glavsnab.net/planken-kosoy-iz-listvennici-lariks-pk2014040-4000h140h20-mm-sort-ekstra.html,2592.0000
859482,Имитация бруса из сосны Ларикс 3000х145х20 мм сорт Экстра,https://glavsnab.net/imitaciya-brusa-iz-sosni-lariks-3000h145h20-mm-sort-ekstra.html,2592.0000
859464,Вагонка из кедра Ларикс В209030 3000х90х20 мм сорт Экстра,https://glavsnab.net/vagonka-iz-kedra-lariks-v209030-3000kh90kh20-mm-sort-ekstra.html,2592.0000
859326,Планкен косой из лиственницы Ларикс ПК2014040 4000х140х20 мм сорт Экстра,https://glavsnab.net/planken-kosoy-iz-listvennici-lariks-pk2014040-4000h140h20-mm-sort-ekstra.html,2592.0000
859482,Имитация бруса из сосны Ларикс 3000х145х20 мм сорт Экстра,https://glavsnab.net/imitaciya-brusa-iz-sosni-lariks-3000h145h20-mm-sort-ekstra.html,2592.0000
859464,Вагонка из кедра Ларикс В209030 3000х90х20 мм сорт Экстра,https://glavsnab.net/vagonka-iz-kedra-lariks-v209030-3000kh90kh20-mm-sort-ekstra.html,2592.0000
859326,Планкен косой из лиственницы Ларикс ПК2014040 4000х140х20 мм сорт Экстра,https://glavsnab.net/planken-kosoy-iz-listvennici-lariks-pk2014040-4000h140h20-mm-sort-ekstra.html,2592.0000
859482,Имитация бруса из сосны Ларикс 3000х145х20 мм сорт Экстра,https://glavsnab.net/imitaciya-brusa-iz-sosni-lariks-3000h145h20-mm-sort-ekstra.html,2592.0000
859464,Вагонка из кедра Ларикс В209030 3000х90х20 мм сорт Экстра,https://glavsnab.net/vagonka-iz-kedra-lariks-v209030-3000kh90kh20-mm-sort-ekstra.html,2592.0000
859326,Планкен косой из лиственницы Ларикс ПК2014040 4000х140х20 мм сорт Экстра,https://glavsnab.net/planken-kosoy-iz-listvennici-lariks-pk2014040-4000h140h20-mm-sort-ekstra.html,2592.0000
859482,Имитация бруса из сосны Ларикс 3000х145х20 мм сорт Экстра,https://glavsnab.net/imitaciya-brusa-iz-sosni-lariks-3000h145h20-mm-sort-ekstra.html,2592.0000
859464,Вагонка из кедра Ларикс В209030 3000х90х20 мм сорт Экстра,https://glavsnab.net/vagonka-iz-kedra-lariks-v209030-3000kh90kh20-mm-sort-ekstra.html,2592.0000
859326,Планкен косой из лиственницы Ларикс ПК2014040 4000х140х20 мм сорт Экстра,https://glavsnab.net/planken-kosoy-iz-listvennici-lariks-pk2014040-4000h140h20-mm-sort-ekstra.html,2592.0000
859482,Имитация бруса из сосны Ларикс 3000х145х20 мм сорт Экстра,https://glavsnab.net/imitaciya-brusa-iz-sosni-lariks-3000h145h20-mm-sort-ekstra.html,2592.0000
859464,Вагонка из кедра Ларикс В209030 3000х90х20 мм сорт Экстра,https://glavsnab.net/vagonka-iz-kedra-lariks-v209030-3000kh90kh20-mm-sort-ekstra.html,2592.0000
859326,Планкен косой из лиственницы Ларикс ПК2014040 4000х140х20 мм сорт Экстра,https://glavsnab.net/planken-kosoy-iz-listvennici-lariks-pk2014040-4000h140h20-mm-sort-ekstra.html,2592.0000
859482,Имитация бруса из сосны Ларикс 3000х145х20 мм сорт Экстра,https://glavsnab.net/imitaciya-brusa-iz-sosni-lariks-3000h145h20-mm-sort-ekstra.html,2592.0000
859464,Вагонка из кедра Ларикс В209030 3000х90х20 мм сорт Экстра,https://glavsnab.net/vagonka-iz-kedra-lariks-v209030-3000kh90kh20-mm-sort-ekstra.html,2592.0000
859326,Планкен косой из лиственницы Ларикс ПК2014040 4000х140х20 мм сорт Экстра,https://glavsnab.net/planken-kosoy-iz-listvennici-lariks-pk2014040-4000h140h20-mm-sort-ekstra.html,2592.0000
859482,Имитация бруса из сосны Ларикс 3000х145х20 мм сорт Экстра,https://glavsnab.net/imitaciya-brusa-iz-sosni-lariks-3000h145h20-mm-sort-ekstra.html,2592.0000
859464,Вагонка из кедра Ларикс В209030 3000х90х20 мм сорт Экстра,https://glavsnab.net/vagonka-iz-kedra-lariks-v209030-3000kh90kh20-mm-sort-ekstra.html,2592.0000
859326,Планкен косой из лиственницы Ларикс ПК2014040 4000х140х20 мм сорт Экстра,https://glavsnab.net/planken-kosoy-iz-listvennici-lariks-pk2014040-4000h140h20-mm-sort-ekstra.html,2592.0000
859482,Имитация бруса из сосны Ларикс 3000х145х20 мм сорт Экстра,https://glavsnab.net/imitaciya-brusa-iz-sosni-lariks-3000h145h20-mm-sort-ekstra.html,2592.0000
859464,Вагонка из кедра Ларикс В209030 3000х90х20 мм сорт Экстра,https://glavsnab.net/vagonka-iz-kedra-lariks-v209030-3000kh90kh20-mm-sort-ekstra.html,2592.0000
859326,Планкен косой из лиственницы Ларикс ПК2014040 4000х140х20 мм сорт Экстра,https://glavsnab.net/planken-kosoy-iz-listvennici-lariks-pk2014040-4000h140h20-mm-sort-ekstra.html,2592.0000
859482,Имитация бруса из сосны Ларикс 3000х145х20 мм сорт Экстра,https://glavsnab.net/imitaciya-brusa-iz-sosni-lariks-3000h145h20-mm-sort-ekstra.html,2592.0000
859464,Вагонка из кедра Ларикс В209030 3000х90х20 мм сорт Экстра,https://glavsnab.net/vagonka-iz-kedra-lariks-v209030-3000kh90kh20-mm-sort-ekstra.html,2592.0000
859326,Планкен косой из лиственницы Ларикс ПК2014040 4000х140х20 мм сорт Экстра,https://glavsnab.net/planken-kosoy-iz-listvennici-lariks-pk2014040-4000h140h20-mm-sort-ekstra.html,2592.0000
859482,Имитация бруса из сосны Ларикс 3000х145х20 мм сорт Экстра,https://glavsnab.net/imitaciya-brusa-iz-sosni-lariks-3000h145h20-mm-sort-ekstra.html,2592.0000
859464,Вагонка из кедра Ларикс В209030 3000х90х20 мм сорт Экстра,https://glavsnab.net/vagonka-iz-kedra-lariks-v209030-3000kh90kh20-mm-sort-ekstra.html,2592.0000
859326,Планкен косой из лиственницы Ларикс ПК2014040 4000х140х20 мм сорт Экстра,https://glavsnab.net/planken-kosoy-iz-listvennici-lariks-pk2014040-4000h140h20-mm-sort-ekstra.html,2592.0000
859482,Имитация бруса из сосны Ларикс 3000х145х20 мм сорт Экстра,https://glavsnab.net/imitaciya-brusa-iz-sosni-lariks-3000h145h20-mm-sort-ekstra.html,2592.0000
859464,Вагонка из кедра Ларикс В209030 3000х90х20 мм сорт Экстра,https://glavsnab.net/vagonka-iz-kedra-lariks-v209030-3000kh90kh20-mm-sort-ekstra.html,2592.0000
859326,Планкен косой из лиственницы Ларикс ПК2014040 4000х140х20 мм сорт Экстра,https://glavsnab.net/planken-kosoy-iz-listvennici-lariks-pk2014040-4000h140h20-mm-sort-ekstra.html,2592.0000
859482,Имитация бруса из сосны Ларикс 3000х145х20 мм сорт Экстра,https://glavsnab.net/imitaciya-brusa-iz-sosni-lariks-3000h145h20-mm-sort-ekstra.html,2592.0000
859464,Вагонка из кедра Ларикс В209030 3000х90х20 мм сорт Экстра,https://glavsnab.net/vagonka-iz-kedra-lariks-v209030-3000kh90kh20-mm-sort-ekstra.html,2592.0000
859326,Планкен косой из лиственницы Ларикс ПК2014040 4000х140х20 мм сорт Экстра,https://glavsnab.net/planken-kosoy-iz-listvennici-lariks-pk2014040-4000h140h20-mm-sort-ekstra.html,2592.0000
859308,Планкен косой из лиственницы Ларикс ПК209040 4000х90х20 мм сорт Экстра,https://glavsnab.net/planken-kosoy-iz-listvennici-lariks-pk209040-4000h90h20-mm-sort-ekstra.html,2592.0000
859479,Имитация бруса из сосны Ларикс 4000х145х20 мм сорт Экстра,https://glavsnab.net/imitatsiya-brusa-lariks-ib2014540-4000kh145kh20-mm-sort-ekstra.html,2592.0000
859290,Планкен прямой из лиственницы Ларикс ПП2012030 3000х120х20 мм сорт Экстра,https://glavsnab.net/planken-pryamoy-iz-listvennici-lariks-pp2012030-3000h120h20-mm-sort-ekstra.html,2592.0000
859308,Планкен косой из лиственницы Ларикс ПК209040 4000х90х20 мм сорт Экстра,https://glavsnab.net/planken-kosoy-iz-listvennici-lariks-pk209040-4000h90h20-mm-sort-ekstra.html,2592.0000
859479,Имитация бруса из сосны Ларикс 4000х145х20 мм сорт Экстра,https://glavsnab.net/imitatsiya-brusa-lariks-ib2014540-4000kh145kh20-mm-sort-ekstra.html,2592.0000
859290,Планкен прямой из лиственницы Ларикс ПП2012030 3000х120х20 мм сорт Экстра,https://glavsnab.net/planken-pryamoy-iz-listvennici-lariks-pp2012030-3000h120h20-mm-sort-ekstra.html,2592.0000
859308,Планкен косой из лиственницы Ларикс ПК209040 4000х90х20 мм сорт Экстра,https://glavsnab.net/planken-kosoy-iz-listvennici-lariks-pk209040-4000h90h20-mm-sort-ekstra.html,2592.0000
859479,Имитация бруса из сосны Ларикс 4000х145х20 мм сорт Экстра,https://glavsnab.net/imitatsiya-brusa-lariks-ib2014540-4000kh145kh20-mm-sort-ekstra.html,2592.0000
859290,Планкен прямой из лиственницы Ларикс ПП2012030 3000х120х20 мм сорт Экстра,https://glavsnab.net/planken-pryamoy-iz-listvennici-lariks-pp2012030-3000h120h20-mm-sort-ekstra.html,2592.0000
859308,Планкен косой из лиственницы Ларикс ПК209040 4000х90х20 мм сорт Экстра,https://glavsnab.net/planken-kosoy-iz-listvennici-lariks-pk209040-4000h90h20-mm-sort-ekstra.html,2592.0000
859479,Имитация бруса из сосны Ларикс 4000х145х20 мм сорт Экстра,https://glavsnab.net/imitatsiya-brusa-lariks-ib2014540-4000kh145kh20-mm-sort-ekstra.html,2592.0000
859290,Планкен прямой из лиственницы Ларикс ПП2012030 3000х120х20 мм сорт Экстра,https://glavsnab.net/planken-pryamoy-iz-listvennici-lariks-pp2012030-3000h120h20-mm-sort-ekstra.html,2592.0000
859308,Планкен косой из лиственницы Ларикс ПК209040 4000х90х20 мм сорт Экстра,https://glavsnab.net/planken-kosoy-iz-listvennici-lariks-pk209040-4000h90h20-mm-sort-ekstra.html,2592.0000
859479,Имитация бруса из сосны Ларикс 4000х145х20 мм сорт Экстра,https://glavsnab.net/imitatsiya-brusa-lariks-ib2014540-4000kh145kh20-mm-sort-ekstra.html,2592.0000
859290,Планкен прямой из лиственницы Ларикс ПП2012030 3000х120х20 мм сорт Экстра,https://glavsnab.net/planken-pryamoy-iz-listvennici-lariks-pp2012030-3000h120h20-mm-sort-ekstra.html,2592.0000
859308,Планкен косой из лиственницы Ларикс ПК209040 4000х90х20 мм сорт Экстра,https://glavsnab.net/planken-kosoy-iz-listvennici-lariks-pk209040-4000h90h20-mm-sort-ekstra.html,2592.0000
859479,Имитация бруса из сосны Ларикс 4000х145х20 мм сорт Экстра,https://glavsnab.net/imitatsiya-brusa-lariks-ib2014540-4000kh145kh20-mm-sort-ekstra.html,2592.0000
859290,Планкен прямой из лиственницы Ларикс ПП2012030 3000х120х20 мм сорт Экстра,https://glavsnab.net/planken-pryamoy-iz-listvennici-lariks-pp2012030-3000h120h20-mm-sort-ekstra.html,2592.0000
859308,Планкен косой из лиственницы Ларикс ПК209040 4000х90х20 мм сорт Экстра,https://glavsnab.net/planken-kosoy-iz-listvennici-lariks-pk209040-4000h90h20-mm-sort-ekstra.html,2592.0000
859479,Имитация бруса из сосны Ларикс 4000х145х20 мм сорт Экстра,https://glavsnab.net/imitatsiya-brusa-lariks-ib2014540-4000kh145kh20-mm-sort-ekstra.html,2592.0000
859290,Планкен прямой из лиственницы Ларикс ПП2012030 3000х120х20 мм сорт Экстра,https://glavsnab.net/planken-pryamoy-iz-listvennici-lariks-pp2012030-3000h120h20-mm-sort-ekstra.html,2592.0000
859308,Планкен косой из лиственницы Ларикс ПК209040 4000х90х20 мм сорт Экстра,https://glavsnab.net/planken-kosoy-iz-listvennici-lariks-pk209040-4000h90h20-mm-sort-ekstra.html,2592.0000
859479,Имитация бруса из сосны Ларикс 4000х145х20 мм сорт Экстра,https://glavsnab.net/imitatsiya-brusa-lariks-ib2014540-4000kh145kh20-mm-sort-ekstra.html,2592.0000
859290,Планкен прямой из лиственницы Ларикс ПП2012030 3000х120х20 мм сорт Экстра,https://glavsnab.net/planken-pryamoy-iz-listvennici-lariks-pp2012030-3000h120h20-mm-sort-ekstra.html,2592.0000
859308,Планкен косой из лиственницы Ларикс ПК209040 4000х90х20 мм сорт Экстра,https://glavsnab.net/planken-kosoy-iz-listvennici-lariks-pk209040-4000h90h20-mm-sort-ekstra.html,2592.0000
859479,Имитация бруса из сосны Ларикс 4000х145х20 мм сорт Экстра,https://glavsnab.net/imitatsiya-brusa-lariks-ib2014540-4000kh145kh20-mm-sort-ekstra.html,2592.0000
859290,Планкен прямой из лиственницы Ларикс ПП2012030 3000х120х20 мм сорт Экстра,https://glavsnab.net/planken-pryamoy-iz-listvennici-lariks-pp2012030-3000h120h20-mm-sort-ekstra.html,2592.0000
859308,Планкен косой из лиственницы Ларикс ПК209040 4000х90х20 мм сорт Экстра,https://glavsnab.net/planken-kosoy-iz-listvennici-lariks-pk209040-4000h90h20-mm-sort-ekstra.html,2592.0000
859479,Имитация бруса из сосны Ларикс 4000х145х20 мм сорт Экстра,https://glavsnab.net/imitatsiya-brusa-lariks-ib2014540-4000kh145kh20-mm-sort-ekstra.html,2592.0000
859290,Планкен прямой из лиственницы Ларикс ПП2012030 3000х120х20 мм сорт Экстра,https://glavsnab.net/planken-pryamoy-iz-listvennici-lariks-pp2012030-3000h120h20-mm-sort-ekstra.html,2592.0000
859308,Планкен косой из лиственницы Ларикс ПК209040 4000х90х20 мм сорт Экстра,https://glavsnab.net/planken-kosoy-iz-listvennici-lariks-pk209040-4000h90h20-mm-sort-ekstra.html,2592.0000
859479,Имитация бруса из сосны Ларикс 4000х145х20 мм сорт Экстра,https://glavsnab.net/imitatsiya-brusa-lariks-ib2014540-4000kh145kh20-mm-sort-ekstra.html,2592.0000
859290,Планкен прямой из лиственницы Ларикс ПП2012030 3000х120х20 мм сорт Экстра,https://glavsnab.net/planken-pryamoy-iz-listvennici-lariks-pp2012030-3000h120h20-mm-sort-ekstra.html,2592.0000
